City_ID,City,Lat,Lng,Max Temp,Humidity,Cloudiness,Wind Speed,Country,Date
0,bazarnyye mataki,54.8833,49.9333,5.850000000000023,87,58,4.36,RU,1713218142
1,edinburgh of the seven seas,-37.0676,-12.3116,15.28000000000003,67,23,7.0,SH,1713218142
2,puerto ayora,-0.7393,-90.3518,29.980000000000018,93,93,2.24,EC,1713218142
3,port saint john's,-31.6229,29.5448,21.010000000000048,90,99,4.62,ZA,1713218143
4,colesberg,-30.72,25.0972,14.140000000000043,74,100,3.02,ZA,1713218143
5,longyearbyen,78.2186,15.6401,-14.089999999999975,66,75,4.12,SJ,1713218143
6,port-aux-francais,-49.35,70.2167,4.590000000000032,69,71,17.43,TF,1713218143
7,tiksi,71.6872,128.8694,-4.8799999999999955,89,100,4.58,RU,1713218143
8,ust-nera,64.5667,143.2,-14.079999999999984,81,91,0.94,RU,1713218144
9,yuzhno-kurilsk,44.0306,145.8556,5.760000000000048,89,100,4.11,RU,1713218144
10,waitangi,-43.9535,-176.5597,12.120000000000005,77,100,0.89,NZ,1713218144
11,barkly west,-28.5354,24.5215,15.600000000000023,65,98,4.96,ZA,1713218144
12,lebu,-37.6167,-73.65,15.310000000000002,80,8,4.86,CL,1713218144
13,aasiaat,68.7098,-52.8699,-13.759999999999991,84,29,3.27,GL,1713218145
14,fortuna,40.5982,-124.1573,15.520000000000039,73,75,6.69,US,1713218013
15,tlahualilo de zaragoza,26.1167,-103.45,35.39000000000004,11,100,2.1,MX,1713218145
16,blackmans bay,-43.0167,147.3167,10.850000000000023,84,86,1.56,AU,1713218145
17,isafjordur,66.0755,-23.124,-3.849999999999966,91,98,3.33,IS,1713218107
18,hamilton,39.1834,-84.5333,29.439999999999998,41,40,4.92,US,1713217902
19,quepos,9.4236,-84.1652,29.760000000000048,66,71,2.57,CR,1713217953
20,nizhniy kuranakh,58.8353,125.4869,-6.159999999999968,95,99,0.44,RU,1713218146
21,hohhot,40.8106,111.6522,7.730000000000018,48,0,2.0,CN,1713218146
22,bedesa,8.9,40.7833,19.439999999999998,82,34,1.91,ET,1713218146
23,nobres,-14.7203,-56.3275,25.850000000000023,87,70,2.13,BR,1713218147
24,yellowknife,62.456,-114.3525,2.2900000000000205,55,20,5.14,CA,1713218147
25,umea,63.8284,20.2597,-0.049999999999954525,93,0,0.0,SE,1713218022
26,alegrete,-29.7831,-55.7919,21.79000000000002,99,100,6.19,BR,1713217873
27,grytviken,-54.2811,-36.5092,0.5300000000000296,80,16,8.75,GS,1713218147
28,ribeira grande,38.5167,-28.7,17.220000000000027,94,75,6.69,PT,1713218148
29,taza,34.25,-3.75,19.870000000000005,31,0,2.22,MA,1713218148
30,albany,42.6001,-73.9662,16.310000000000002,48,10,1.79,US,1713217960
31,azul,-36.777,-59.8585,20.510000000000048,98,100,6.97,AR,1713218148
32,whitehorse,60.7161,-135.0538,3.9399999999999977,34,20,2.57,CA,1713218149
33,afaahiti,-17.75,-149.2833,27.930000000000007,83,100,8.26,PF,1713218149
34,vorkuta,67.5,64.0,-4.3799999999999955,96,100,6.26,RU,1713218149
35,kone,-21.0595,164.8658,25.54000000000002,68,87,2.95,NC,1713218149
36,aberdeen,57.1437,-2.0981,8.270000000000039,87,100,8.75,GB,1713218025
37,saipan,15.1355,145.701,26.390000000000043,83,0,2.06,MP,1713217970
38,antsiranana,-12.2787,49.2917,26.150000000000034,81,100,6.29,MG,1713218150
39,kodiak,57.79,-152.4072,3.730000000000018,56,75,2.57,US,1713218150
40,bataipora,-22.2953,-53.2711,24.170000000000016,81,100,2.16,BR,1713218150
41,kimbe,-5.5502,150.1429,27.900000000000034,81,85,1.22,PG,1713218150
42,carbonear,47.7332,-53.2148,10.910000000000025,80,54,6.0,CA,1713218151
43,wailua homesteads,22.0669,-159.378,26.24000000000001,66,75,3.09,US,1713218151
44,iqaluit,63.7506,-68.5145,-3.1499999999999773,59,40,6.17,CA,1713218151
45,petropavlovsk-kamchatsky,53.0452,158.6483,0.4300000000000068,94,75,2.0,RU,1713218151
46,kualakapuas,-3.0091,114.3876,23.650000000000034,98,47,1.01,ID,1713218151
47,pangody,65.85,74.4859,-6.579999999999984,95,99,6.53,RU,1713218152
48,puerto natales,-51.7236,-72.4875,12.25,76,0,1.03,CL,1713218152
49,grand falls-windsor,48.9332,-55.6649,9.170000000000016,64,80,1.34,CA,1713218152
50,mil'kovo,55.6078,37.7956,6.350000000000023,78,55,5.09,RU,1713218152
51,bethel,41.3712,-73.414,22.200000000000045,52,40,4.41,US,1713218153
52,olonkinbyen,70.9221,-8.7187,-2.9399999999999977,76,96,8.09,SJ,1713218153
53,ilulissat,69.2167,-51.1,-6.989999999999952,53,0,0.0,GL,1713217990
54,vila franca do campo,37.7167,-25.4333,18.27000000000004,99,100,6.16,PT,1713218153
55,bengkulu,-3.8004,102.2655,25.220000000000027,91,87,2.07,ID,1713218153
56,ancud,-41.8697,-73.8203,12.920000000000016,91,14,7.27,CL,1713218154
57,sao jose de ribamar,-2.5619,-44.0542,27.210000000000036,80,72,4.13,BR,1713218154
58,port-vila,-17.7338,168.3219,25.78000000000003,89,75,6.69,VU,1713218091
59,griffith,41.5284,-87.4237,25.08000000000004,34,0,3.6,US,1713218154
60,frolovo,49.7713,43.6622,9.100000000000023,77,100,4.53,RU,1713218154
61,udachny,66.4167,112.4,-8.639999999999986,96,99,2.48,RU,1713218155
62,susuman,62.7833,148.1667,-21.119999999999976,98,63,0.45,RU,1713218155
63,adamstown,-25.066,-130.1015,22.24000000000001,71,67,8.07,PN,1713218155
64,hermanus,-34.4187,19.2345,18.220000000000027,92,2,4.08,ZA,1713218155
65,puerto baquerizo moreno,-0.9,-89.6,29.55000000000001,66,20,7.2,EC,1713218155
66,wynyard,-41.0,145.7167,11.340000000000032,81,100,2.75,AU,1713218156
67,chengdu,30.6667,104.0667,22.939999999999998,73,40,2.0,CN,1713218031
68,nova sintra,14.8667,-24.7167,22.870000000000005,87,0,7.09,CV,1713218156
69,mili,6.0815,171.735,27.980000000000018,79,66,3.58,MH,1713218156
70,kingston,17.997,-76.7936,31.200000000000045,70,75,5.14,JM,1713218055
71,zlatni pyasatsi,43.285,28.0418,19.360000000000014,65,46,3.6,BG,1713218157
72,vetluga,57.8557,45.781,2.640000000000043,90,93,2.92,RU,1713218157
73,sumbe,-11.2061,13.8437,26.140000000000043,91,44,2.59,AO,1713218157
74,port elizabeth,-33.918,25.5701,21.170000000000016,92,75,3.6,ZA,1713218157
75,klyuchi,52.2667,79.1667,1.740000000000009,81,10,2.49,RU,1713218157
76,remire-montjoly,4.9167,-52.2667,28.02000000000004,89,100,4.12,GF,1713218158
77,margaret river,-33.95,115.0667,13.210000000000036,88,2,3.44,AU,1713218158
78,happy valley-goose bay,53.3168,-60.3315,11.170000000000016,32,20,7.72,CA,1713218158
79,akureyri,65.6835,-18.0878,-7.449999999999989,93,94,1.98,IS,1713218158
80,kapuskasing,49.4169,-82.4331,9.050000000000011,34,75,8.75,CA,1713218159
81,wotje,9.4543,170.2367,27.370000000000005,82,20,7.49,MH,1713218159
82,rio tuba,8.5061,117.4317,26.99000000000001,81,1,4.33,PH,1713218159
83,sao joao da barra,-21.6403,-41.0511,26.05000000000001,84,26,6.8,BR,1713217914
84,utrik,11.2278,169.8474,26.939999999999998,82,39,8.16,MH,1713218159
85,nova londrina,-22.7658,-52.985,24.25,84,100,2.04,BR,1713218015
86,thinadhoo,0.5333,72.9333,28.600000000000023,75,100,0.4,MV,1713218160
87,talnakh,69.4865,88.3972,-22.18999999999997,100,97,1.64,RU,1713218161
88,plastun,44.7561,136.2939,9.520000000000039,62,100,0.77,RU,1713218161
89,machico,32.7,-16.7667,22.850000000000023,52,20,5.14,PT,1713218161
90,midvagur,62.0511,-7.1939,3.4600000000000364,65,75,9.26,FO,1713218162
91,seaside,36.6111,-121.8516,18.090000000000032,72,0,4.63,US,1713217954
92,tarfaya,27.9358,-12.9218,20.090000000000032,77,6,5.03,MA,1713218162
93,tazovsky,67.4667,78.7,-18.18999999999997,95,85,4.11,RU,1713218163
94,thai binh,20.45,106.3333,23.610000000000014,96,79,2.3,VN,1713218163
95,tangshan,39.6333,118.1833,12.340000000000032,27,0,3.08,CN,1713218163
96,tolanaro,-25.0319,46.9987,21.04000000000002,94,75,4.12,MG,1713218163
97,san antonio de pale,-1.4014,5.6325,28.30000000000001,83,10,4.4,GQ,1713218163
98,saint-pierre,-21.3393,55.4781,23.82000000000005,88,100,5.66,RE,1713218012
99,atamyrat,37.8357,65.2106,13.650000000000034,71,74,0.47,TM,1713218164
100,college,64.8569,-147.8028,5.0400000000000205,46,40,2.57,US,1713218164
101,tazacorte,28.629,-17.9293,20.54000000000002,88,0,3.09,ES,1713218164
102,qaqortoq,60.7167,-46.0333,1.240000000000009,97,100,3.64,GL,1713218165
103,mount pearl,47.5166,-52.7813,10.189999999999998,67,75,6.69,CA,1713218165
104,callao,-12.0667,-77.15,24.160000000000025,69,0,7.72,PE,1713218165
105,geraldton,-28.7667,114.6,19.230000000000018,52,0,2.06,AU,1713218165
106,ushuaia,-54.8,-68.3,16.810000000000002,55,20,4.63,AR,1713218132
107,iskateley,67.6803,53.1512,-4.589999999999975,98,100,5.56,RU,1713218166
108,vuokatti,64.146,28.2697,1.920000000000016,99,100,2.46,FI,1713218166
109,stanley,54.868,-1.6985,5.9500000000000455,77,40,7.2,GB,1713218166
110,harstad,68.799,16.5293,0.6400000000000432,96,97,7.15,NO,1713218166
111,hithadhoo,-0.6,73.0833,28.920000000000016,75,100,3.96,MV,1713218166
112,waingapu,-9.6567,120.2641,25.400000000000034,95,100,3.51,ID,1713218167
113,kraaifontein,-33.8478,18.7161,19.939999999999998,87,0,4.12,ZA,1713218167
114,elliot,-31.3333,27.85,10.890000000000043,85,13,2.1,ZA,1713218167
115,ko lanta,7.5336,99.0865,26.610000000000014,79,23,4.66,TH,1713218168
116,cova figueira,14.8905,-24.2934,20.74000000000001,61,0,2.7,CV,1713218168
117,nar'yan-mar,67.6713,53.087,-4.3799999999999955,98,100,5.49,RU,1713218168
118,kudahuvadhoo,2.6708,72.8944,29.120000000000005,72,89,1.96,MV,1713218168
119,pimenta bueno,-11.6725,-61.1936,25.189999999999998,95,93,1.58,BR,1713218168
120,kargopol',61.5071,38.9456,1.3900000000000432,94,61,1.75,RU,1713218169
121,west island,-12.1568,96.8225,26.99000000000001,83,30,3.6,CC,1713218169
122,kalmunai,7.4167,81.8167,26.810000000000002,84,100,0.93,LK,1713218169
123,dunedin,-45.8742,170.5036,12.110000000000014,80,85,3.11,NZ,1713218125
124,bukene,-4.2333,32.8833,18.150000000000034,95,97,2.11,TZ,1713218169
125,vila velha,-20.3297,-40.2925,25.970000000000027,86,75,4.12,BR,1713218074
126,natitingou,10.3042,1.3796,30.860000000000014,28,63,1.65,BJ,1713218170
127,papatowai,-46.5619,169.4708,10.920000000000016,97,100,3.79,NZ,1713218170
128,enewetak,11.3474,162.3373,27.52000000000004,79,64,7.53,MH,1713218170
129,orsta,62.2029,6.1272,6.230000000000018,80,97,0.0,NO,1713218170
130,pointe-noire,-4.7761,11.8635,29.04000000000002,89,20,3.6,CG,1713218171
131,bat yam,32.0231,34.7503,18.920000000000016,80,0,1.54,IL,1713218164
132,turbat,26.0023,63.044,25.430000000000007,70,95,0.85,PK,1713218172
133,kavaratti,10.5669,72.642,29.340000000000032,74,100,2.13,IN,1713218173
134,gariadhar,21.5333,71.5833,30.840000000000032,39,32,6.82,IN,1713218173
135,katsuura,35.1333,140.3,17.180000000000007,75,100,6.76,JP,1713218173
136,tarko-sale,64.9225,77.785,-11.909999999999968,94,90,6.14,RU,1713218174
137,avarua,-21.2078,-159.775,29.03000000000003,74,75,8.75,CK,1713218174
138,walvis bay,-22.9575,14.5053,18.0,54,74,4.44,NA,1713218174
139,nueve de julio,-35.4444,-60.8831,19.420000000000016,99,100,2.68,AR,1713218175
140,smara,26.7384,-11.6719,25.410000000000025,20,4,4.3,EH,1713218175
141,santa marta,11.2408,-74.199,36.03000000000003,59,20,6.69,CO,1713217911
142,izhmorskiy,56.194,86.6414,-3.7899999999999636,91,57,2.35,RU,1713218176
143,pandan,14.0453,124.1694,25.340000000000032,81,47,3.09,PH,1713218176
144,as sulayyil,20.4607,45.5779,29.140000000000043,15,7,7.29,SA,1713218176
145,fort bragg,35.139,-79.006,31.910000000000025,27,0,6.17,US,1713218176
146,bredasdorp,-34.5322,20.0403,17.160000000000025,95,64,3.55,ZA,1713218176
147,saint-denis,48.9167,2.3333,9.010000000000048,73,0,6.69,FR,1713218094
148,paita,-5.0892,-81.1144,24.310000000000002,71,53,7.3,PE,1713218177
149,oum hadjer,13.2954,19.6966,33.09000000000003,9,3,3.47,TD,1713218177
150,mahina,-17.5065,-149.489,28.870000000000005,74,75,2.06,PF,1713218178
151,peace river,56.2501,-117.286,8.170000000000016,42,75,6.69,CA,1713218178
152,constantia,44.1833,28.65,18.379999999999995,71,71,5.49,RO,1713217939
153,anadyr,64.75,177.4833,-16.71999999999997,70,94,9.0,RU,1713218061
154,invercargill,-46.4,168.35,11.120000000000005,96,100,0.89,NZ,1713218179
155,boma,7.0805,-2.1697,25.55000000000001,79,28,0.53,GH,1713218179
156,hilo,19.7297,-155.09,29.04000000000002,79,75,3.09,US,1713218179
157,burang,30.25,81.1667,-2.2899999999999636,79,90,2.31,CN,1713218179
158,janeng,-25.4167,25.55,14.800000000000011,71,1,5.53,BW,1713218180
159,bereeda,11.8704,51.0579,27.640000000000043,79,26,5.04,SO,1713218180
160,georgetown,5.4112,100.3354,27.960000000000036,83,20,1.54,MY,1713218035
161,jamestown,42.097,-79.2353,16.400000000000034,37,0,5.66,US,1713218050
162,st. john's,47.5649,-52.7093,10.660000000000025,67,75,6.69,CA,1713218181
163,hawaiian paradise park,19.5933,-154.9731,28.260000000000048,78,75,3.13,US,1713218181
164,anna regina,7.2644,-58.5077,27.439999999999998,75,38,4.66,GY,1713218181
165,kuusamo,65.9667,29.1833,1.0200000000000387,93,100,3.09,FI,1713218181
166,mount isa,-20.7333,139.5,20.870000000000005,64,81,3.6,AU,1713218181
167,bojnurd,37.4747,57.329,6.970000000000027,81,0,1.03,IR,1713218181
168,hincesti,46.8258,28.5936,19.760000000000048,39,2,3.6,MD,1713218182
169,faqus,30.7301,31.8018,17.400000000000034,77,0,2.98,EG,1713218182
170,dapa,9.7594,126.0531,26.620000000000005,84,54,2.45,PH,1713218182
171,haiku-pauwela,20.9219,-156.3051,25.02000000000004,85,75,9.77,US,1713218183
172,etinan,4.8426,7.8525,26.170000000000016,88,78,1.96,NG,1713218183
173,claveria,18.6074,121.0832,24.689999999999998,78,4,3.45,PH,1713218184
174,bhamo,24.2667,97.2333,22.78000000000003,39,11,0.42,MM,1713218184
175,azna,33.6095,48.9307,12.650000000000034,61,100,2.46,IR,1713218184
176,bilibino,68.0546,166.4372,-18.70999999999998,87,100,1.95,RU,1713218184
177,cartagena del chaira,1.3349,-74.8429,31.30000000000001,50,82,1.35,CO,1713218184
178,las vegas,36.175,-115.1372,23.57000000000005,21,0,12.52,US,1713218113
179,al ghayzah,16.2079,52.176,27.650000000000034,76,24,6.93,YE,1713218185
180,crane,31.3974,-102.3501,31.950000000000045,11,99,11.05,US,1713218185
181,villa gesell,-37.2639,-56.973,21.700000000000045,96,100,12.73,AR,1713218185
182,porto novo,6.4965,2.6036,29.900000000000034,80,91,2.51,BJ,1713218185
183,cerrik,41.0317,19.9758,16.75,57,54,1.75,AL,1713218186
184,luderitz,-26.6481,15.1594,14.600000000000023,73,0,2.49,NA,1713218186
185,mammoth lakes,37.6485,-118.9721,12.400000000000034,13,0,5.14,US,1713218186
186,jurmala,56.968,23.7704,1.660000000000025,93,77,0.51,LV,1713218186
187,carnarvon,-24.8667,113.6333,24.220000000000027,46,47,4.02,AU,1713218187
188,tobruk,32.0836,23.9764,19.75,54,98,4.75,LY,1713218187
189,piti village,13.4626,144.6933,28.5,82,0,2.06,GU,1713218187
190,mogocha,53.7333,119.7667,-6.009999999999991,88,16,1.07,RU,1713218187
191,korla,41.7597,86.1469,17.53000000000003,16,75,7.11,CN,1713218188
192,bishunpur urf maharajganj,26.2519,83.1186,29.370000000000005,28,1,3.1,IN,1713218188
193,santa cruz,-17.8,-63.1667,22.03000000000003,88,100,4.12,BO,1713218158
194,port mathurin,-19.6833,63.4167,26.850000000000023,76,47,6.85,MU,1713218189
195,port alfred,-33.5906,26.891,18.99000000000001,97,63,7.25,ZA,1713218189
196,lihue,21.9789,-159.3672,26.58000000000004,67,75,3.09,US,1713218189
197,kailua-kona,19.6406,-155.9956,28.49000000000001,75,40,10.29,US,1713218190
198,colonia,50.9333,6.95,6.090000000000032,82,40,3.6,DE,1713218190
199,ghanzi,-21.5667,21.7833,21.02000000000004,64,55,3.35,BW,1713218190
200,nabire,-3.3667,135.4833,24.350000000000023,91,100,1.16,ID,1713218190
201,chonchi,-42.6128,-73.8092,13.950000000000045,82,41,2.33,CL,1713218191
202,argo,37.6333,22.7333,19.52000000000004,52,77,1.16,GR,1713218191
203,shihezi,44.3,86.0333,14.03000000000003,30,96,1.26,CN,1713218191
204,lompoc,34.6391,-120.4579,23.720000000000027,67,0,7.2,US,1713217960
205,toliara,-23.35,43.6667,24.590000000000032,67,92,6.79,MG,1713218191
206,cidade velha,14.9167,-23.6167,29.260000000000048,34,0,3.09,CV,1713218192
207,laojunmiao,39.8333,97.7333,10.180000000000007,17,95,2.84,CN,1713218192
208,fale old settlement,-9.3852,-171.2468,27.340000000000032,83,100,4.77,TK,1713218192
209,puerto deseado,-47.7503,-65.8938,14.520000000000039,74,53,8.09,AR,1713218192
210,annaba,36.9,7.7667,14.980000000000018,94,75,2.06,DZ,1713218192
211,kismayo,-0.3582,42.5454,28.129999999999995,80,100,5.89,SO,1713218193
212,road town,18.4167,-64.6167,27.02000000000004,78,75,5.66,VG,1713218193
213,kani keli,-12.9536,45.1033,27.590000000000032,73,89,2.21,YT,1713218193
214,pontianak,-0.0333,109.3333,26.99000000000001,94,100,0.51,ID,1713217935
215,sevastopol,44.6,33.5333,16.110000000000014,45,44,4.02,UA,1713218193
216,rongelap,11.1635,166.8941,27.410000000000025,81,47,7.97,MH,1713218194
217,nyala,12.05,24.8833,26.49000000000001,11,8,4.89,SD,1713218194
218,vorgashor,67.5833,63.95,-4.5499999999999545,96,100,7.21,RU,1713218194
219,vadso,70.0744,29.7487,-0.5099999999999909,74,75,7.72,NO,1713218194
220,askoy,60.4092,5.226,5.430000000000007,70,75,1.54,NO,1713218195
221,kirakira,-10.4544,161.9205,28.75,81,97,5.57,SB,1713218195
222,angaur state,6.906,134.13,28.110000000000014,80,86,6.56,PW,1713218195
223,christchurch,-43.5333,172.6333,15.82000000000005,75,3,1.79,NZ,1713218065
224,neiafu,-18.65,-173.9833,28.379999999999995,83,40,4.63,TO,1713218195
225,lagunas,-5.2269,-75.6753,30.410000000000025,68,100,1.08,PE,1713218196
226,chegdomyn,51.1167,133.0167,10.980000000000018,72,100,4.77,RU,1713218196
227,dakhla,23.6848,-15.958,24.010000000000048,53,0,3.09,EH,1713218196
228,daru,-9.0763,143.2092,28.28000000000003,83,90,2.39,PG,1713218197
229,sharm el-sheikh,27.8518,34.305,25.08000000000004,50,0,7.2,EG,1713218197
230,lindsay,36.203,-119.0882,18.860000000000014,52,100,0.0,US,1713217934
231,putina,-15.4667,-69.4333,12.310000000000002,40,0,1.34,PE,1713218197
232,isangel,-19.55,169.2667,27.060000000000002,74,75,1.03,VU,1713217967
233,togur,58.3631,82.8265,-4.919999999999959,80,14,4.02,RU,1713218198
234,tralee,52.2704,-9.7026,7.640000000000043,77,44,9.12,IE,1713218198
235,kroya,-7.6331,109.2461,26.760000000000048,86,100,2.9,ID,1713218198
236,lingdong,46.5669,131.1453,12.590000000000032,83,100,2.4,CN,1713218198
237,baracoa,20.3467,-74.4958,26.53000000000003,74,9,3.89,CU,1713218199
238,princeville,45.7668,-61.2985,9.82000000000005,98,100,1.54,CA,1713218199
239,taulaga,-11.0553,-171.0883,25.77000000000004,88,100,0.52,AS,1713218199
240,murashi,59.3999,48.9615,4.830000000000041,95,100,3.5,RU,1713218199
241,pudozh,61.8099,36.5345,2.1899999999999977,98,100,1.34,RU,1713218199
242,mlowo,-9.0,32.9833,14.170000000000016,96,73,1.85,TZ,1713218200
243,petukhovo,55.0692,67.9019,1.3000000000000114,81,11,3.54,RU,1713218200
244,berdigestyakh,62.0989,126.6992,-9.349999999999966,96,65,2.22,RU,1713218200
245,tanabi,-20.6264,-49.6492,29.120000000000005,76,100,2.27,BR,1713218200
246,tafuna,-14.3358,-170.72,30.970000000000027,79,75,3.09,AS,1713218200
247,siwa oasis,29.2041,25.5195,24.55000000000001,26,100,3.2,EG,1713218201
248,nemuro,43.3236,145.575,4.660000000000025,98,100,6.29,JP,1713218201
249,sarkand,45.41,79.9186,13.770000000000039,63,100,2.52,KZ,1713218201
250,yanam,16.7333,82.2167,24.110000000000014,91,26,1.18,IN,1713218201
251,grants pass,42.439,-123.3284,15.660000000000025,51,20,4.12,US,1713217934
252,senhor do bonfim,-10.4614,-40.1894,24.100000000000023,63,72,2.95,BR,1713218202
253,preobrazheniye,42.9019,133.9064,9.090000000000032,90,100,4.36,RU,1713218202
254,california,38.3004,-76.5074,22.82000000000005,82,75,5.66,US,1713218018
255,okeechobee,27.2439,-80.8298,28.010000000000048,41,0,3.09,US,1713217958
256,mpulungu,-8.7623,31.1141,22.49000000000001,80,79,3.52,ZM,1713218202
257,gadzhiyevo,69.2551,33.3362,-2.7299999999999613,80,100,9.39,RU,1713218203
258,rio grande,-32.035,-52.0986,25.060000000000002,93,100,10.53,BR,1713218058
259,inhuma,-6.6683,-41.7078,25.33000000000004,85,99,2.3,BR,1713218203
260,malvik,63.4333,10.6833,0.28000000000002956,76,0,3.09,NO,1713218203
261,newman,37.3138,-121.0208,19.02000000000004,65,98,2.68,US,1713218204
262,chu,43.5983,73.7614,10.420000000000016,92,100,3.36,KZ,1713218204
263,tura,25.5198,90.2201,27.900000000000034,34,100,1.75,IN,1713218204
264,contai,21.7786,87.7536,28.950000000000045,68,98,6.31,IN,1713218204
265,kapa'a,22.0752,-159.319,26.99000000000001,66,75,3.09,US,1713218204
266,sharlyk,52.9167,54.75,10.020000000000039,93,100,6.99,RU,1713218205
267,gazli,40.1333,63.45,14.640000000000043,55,98,5.17,UZ,1713218205
268,nioki,-2.7167,17.6833,23.850000000000023,91,19,1.24,CD,1713218205
269,mana,5.6592,-53.7767,26.640000000000043,85,95,4.59,GF,1713218205
270,lauro de freitas,-12.8944,-38.3272,28.010000000000048,83,75,3.09,BR,1713217975
271,kayes,14.0,-11.0,32.110000000000014,8,47,3.92,ML,1713218205
272,grand gaube,-20.0064,57.6608,25.220000000000027,88,79,7.87,MU,1713218206
273,kourou,5.1552,-52.6478,28.03000000000003,90,99,3.27,GF,1713217917
274,el calafate,-50.3408,-72.2768,11.960000000000036,65,96,0.65,AR,1713218206
275,badger,64.8,-147.5333,4.990000000000009,46,40,2.57,US,1713218206
276,tsiombe,-25.3,45.4833,21.670000000000016,77,32,6.13,MG,1713218206
277,aykhal,66.0,111.5,-4.259999999999991,98,100,2.37,RU,1713218207
278,alesund,62.4723,6.1549,6.53000000000003,73,0,4.63,NO,1713218207
279,ghat,24.9647,10.1728,22.650000000000034,23,0,4.68,LY,1713218207
280,vikhorevka,56.1201,101.1636,6.770000000000039,79,92,8.8,RU,1713218207
281,marka,1.7159,44.7717,28.700000000000045,78,97,7.49,SO,1713218207
282,san gabriel,34.0961,-118.1058,23.430000000000007,53,35,1.34,US,1713218207
283,itoman,26.1247,127.6694,22.430000000000007,96,40,1.03,JP,1713218208
284,el palmar,14.65,-91.5833,36.910000000000025,65,40,5.14,GT,1713218208
285,uturoa,-16.7333,-151.4333,27.189999999999998,81,90,9.06,PF,1713218208
286,pangkalpinang,-2.1333,106.1333,25.57000000000005,91,34,0.74,ID,1713218208
287,kunduz,36.75,68.75,13.180000000000007,85,96,0.96,AF,1713218209
288,korsholm,63.1142,21.6822,1.8000000000000114,86,100,2.68,FI,1713218209
289,bel ombre,-4.6167,55.4167,27.910000000000025,83,40,1.03,SC,1713218209
290,as samawah,31.332,45.2944,23.78000000000003,38,83,4.84,IQ,1713218209
291,myitkyina,25.3833,97.4,21.08000000000004,43,13,0.62,MM,1713218043
292,ketchikan,55.3422,-131.6461,9.629999999999995,57,40,5.66,US,1713218210
293,lata,40.1629,-8.3327,15.510000000000048,90,0,0.6,PT,1713218210
294,labytnangi,66.6572,66.4183,-2.009999999999991,94,100,3.9,RU,1713218211
295,acarau,-2.8856,-40.12,26.350000000000023,86,73,3.71,BR,1713218126
296,tonghua,41.7201,125.9219,6.900000000000034,93,61,1.25,CN,1713218211
297,shushtar,32.0455,48.8567,23.03000000000003,43,100,0.31,IR,1713218211
298,lundazi,-12.2929,33.1782,18.090000000000032,83,96,3.87,ZM,1713218211
299,zavodoukovsk,56.5042,66.5515,2.7000000000000455,78,7,4.42,RU,1713218212
300,qamdo,31.1667,97.2333,1.740000000000009,48,79,2.05,CN,1713218212
301,hirara,24.8,125.2833,23.150000000000034,100,24,1.54,JP,1713218212
302,maumere,-8.6199,122.2111,26.400000000000034,84,99,1.6,ID,1713218212
303,brisas de zicatela,15.8369,-97.0419,30.370000000000005,58,100,3.42,MX,1713218213
304,chinchilla,-26.75,150.6333,19.450000000000045,88,41,0.89,AU,1713218213
305,morehead city,34.7229,-76.726,26.120000000000005,73,0,7.72,US,1713218213
306,pohang,36.0322,129.365,14.129999999999995,91,4,2.17,KR,1713218214
307,prince rupert,54.3161,-130.3201,7.830000000000041,72,0,3.6,CA,1713218214
308,timbuktu,16.7735,-3.0074,26.150000000000034,17,100,5.18,ML,1713218214
309,bikenibeu village,1.3673,173.1241,29.980000000000018,74,75,2.06,KI,1713218214
310,nurota,40.5614,65.6886,12.29000000000002,75,100,2.56,UZ,1713218214
311,bodo,67.28,14.405,0.4300000000000068,75,0,2.06,NO,1713218215
312,sao gabriel da cachoeira,-0.1303,-67.0892,26.379999999999995,92,100,0.83,BR,1713218215
313,nishinoomote,30.7333,131.0,19.660000000000025,93,61,3.66,JP,1713218215
314,selfoss,63.9331,-20.9971,0.020000000000038654,57,11,4.77,IS,1713218215
315,cidreira,-30.1811,-50.2056,23.370000000000005,93,100,11.36,BR,1713218215
316,inirida,3.8653,-67.9239,31.49000000000001,58,97,2.62,CO,1713218216
317,hermansverk,61.1846,6.8502,2.25,74,82,0.0,NO,1713218216
318,yung shue wan,22.2333,114.1167,25.930000000000007,87,57,2.21,HK,1713218216
319,dwarka,22.2394,68.9678,25.860000000000014,82,74,7.49,IN,1713218216
320,sisimiut,66.9395,-53.6735,-6.139999999999986,68,12,4.87,GL,1713218217
321,calama,-22.4667,-68.9333,16.27000000000004,48,0,9.26,CL,1713217993
322,yelizovo,53.1873,158.3805,1.170000000000016,83,75,4.02,RU,1713218217
323,lorengau,-2.0226,147.2712,28.82000000000005,79,94,3.12,PG,1713218217
324,alofi,-19.0595,-169.9187,29.939999999999998,70,75,5.66,NU,1713218217
325,nouadhibou,20.931,-17.0347,26.99000000000001,34,0,5.14,MR,1713218218
326,guatire,10.4762,-66.5427,29.83000000000004,79,68,2.19,VE,1713218218
327,manokwari,-0.8667,134.0833,25.939999999999998,89,100,4.28,ID,1713218218
328,klerksdorp,-26.8521,26.6667,14.090000000000032,67,0,3.25,ZA,1713218218
329,karlskrona,56.1616,15.5866,4.25,79,100,4.07,SE,1713217931
330,norilsk,69.3535,88.2027,-22.00999999999999,99,97,2.04,RU,1713218219
331,cabedelo,-6.9811,-34.8339,28.370000000000005,85,56,4.65,BR,1713217994
332,cabo san lucas,22.8909,-109.9124,30.340000000000032,54,100,2.24,MX,1713217938
333,kuraymah,18.55,31.85,25.32000000000005,13,70,6.56,SD,1713218219
334,joshimath,30.5667,79.5667,9.080000000000041,60,83,3.08,IN,1713218219
335,pathein,16.7833,94.7333,26.04000000000002,83,0,2.94,MM,1713218064
336,gebeit,21.0667,36.3167,19.129999999999995,54,5,2.29,SD,1713218220
337,troitskiy,57.0603,63.7481,2.990000000000009,78,9,4.62,RU,1713218220
338,camocim,-2.9022,-40.8411,26.480000000000018,89,50,4.21,BR,1713218220
339,sukhobezvodnoye,57.0491,44.8891,4.210000000000036,83,76,3.96,RU,1713218221
340,inhambane,-23.865,35.3833,22.160000000000025,70,32,3.61,MZ,1713218221
341,alagir,43.0422,44.2222,8.300000000000011,57,75,3.0,RU,1713218221
342,suva,-18.1416,178.4415,29.710000000000036,70,20,4.12,FJ,1713218176
343,flying fish cove,-10.4217,105.6791,26.82000000000005,89,75,5.14,CX,1713217996
344,dalbandin,28.8947,64.4101,19.950000000000045,43,46,2.92,PK,1713218222
345,ataq,14.5377,46.8319,23.390000000000043,68,26,4.84,YE,1713218150
346,al jawf,29.5,38.75,18.129999999999995,53,4,0.97,SA,1713218222
347,nikolayevsk-on-amure,53.1406,140.73,5.1200000000000045,93,100,2.24,RU,1713218223
348,bedele,8.456,36.353,17.04000000000002,69,80,1.41,ET,1713218223
349,sovetskaya,44.7769,41.1722,10.740000000000009,79,100,0.95,RU,1713218223
350,kolonia,50.9333,6.95,6.090000000000032,82,40,3.6,DE,1713218165
351,maine soroa,13.2114,12.0241,32.06,8,27,3.78,NE,1713218224
352,sinop,41.7711,34.8709,14.110000000000014,58,0,5.22,TR,1713218128
353,kolpashevo,58.3131,82.9089,-4.939999999999998,80,13,4.02,RU,1713218224
354,mossendjo,-2.9506,12.7261,22.360000000000014,99,21,0.61,CG,1713218224
355,vilyuchinsk,52.9306,158.4028,1.25,93,100,0.89,RU,1713218225
356,kitami,43.8031,143.8908,14.580000000000041,59,70,5.01,JP,1713218225
357,marrakesh,31.6315,-8.0083,26.04000000000002,24,0,2.57,MA,1713218225
358,ambovombe,-25.1667,46.0833,20.930000000000007,84,86,7.1,MG,1713218225
359,thompson,55.7435,-97.8558,8.090000000000032,57,40,2.06,CA,1713218203
360,maracaibo,10.6317,-71.6406,30.840000000000032,53,83,6.42,VE,1713218069
361,jiuquan,39.7432,98.5174,9.670000000000016,17,61,0.37,CN,1713218226
362,tamiahua,21.2667,-97.45,28.79000000000002,70,71,6.37,MX,1713218226
363,novoishimskiy,53.1981,66.7694,3.5600000000000023,74,5,2.29,KZ,1713218227
364,biloxi,30.396,-88.8853,25.140000000000043,71,75,6.69,US,1713217978
365,pisco,-13.7,-76.2167,22.79000000000002,78,100,9.26,PE,1713218030
366,celestun,20.8667,-90.4,29.560000000000002,60,58,7.83,MX,1713218227
367,kayangel,8.0823,134.7173,28.30000000000001,79,100,9.2,PW,1713218227
368,mugia,43.1041,-9.2179,12.730000000000018,78,66,8.08,ES,1713218228
369,sungjibaegam,41.2428,128.7989,1.1100000000000136,97,100,2.94,KP,1713218228
370,quellon,-43.1167,-73.6167,13.79000000000002,81,53,4.44,CL,1713218046
371,nagahama,35.3833,136.2667,17.77000000000004,100,82,2.37,JP,1713218228
372,fort mcmurray,56.7268,-111.381,4.730000000000018,87,100,2.06,CA,1713218228
373,pirenopolis,-15.8525,-48.9592,27.27000000000004,74,100,2.36,BR,1713218228
374,sitka,57.0531,-135.33,8.939999999999998,53,0,6.17,US,1713218229
375,arraial do cabo,-22.9661,-42.0278,24.980000000000018,88,75,7.2,BR,1713218229
376,hadibu,12.65,54.0333,26.78000000000003,76,81,3.0,YE,1713218229
377,holualoa,19.6228,-155.9522,26.420000000000016,79,40,10.29,US,1713218230
378,krasnokamensk,50.0979,118.0369,2.730000000000018,69,3,2.35,RU,1713218230
379,ghadamis,30.1337,9.5007,20.0,30,2,4.35,LY,1713218230
380,minas de marcona,-15.2119,-75.1103,16.620000000000005,90,87,7.94,PE,1713218230
381,paka,4.6374,103.4368,26.960000000000036,89,53,0.0,MY,1713218230
382,riberalta,-10.9833,-66.1,26.110000000000014,89,75,2.06,BO,1713218108
383,coahuayana de hidalgo,18.7,-103.6583,29.629999999999995,53,96,3.45,MX,1713218231
384,lionel town,17.8101,-77.2406,31.610000000000014,72,72,0.91,JM,1713218231
385,tomohon,1.3346,124.8392,18.52000000000004,88,35,0.39,ID,1713218231
386,nadym,65.5333,72.5167,-5.019999999999982,94,100,7.3,RU,1713218231
387,scarborough,54.2797,-0.4044,6.6200000000000045,82,99,1.34,GB,1713218118
388,huarmey,-10.0681,-78.1522,23.340000000000032,77,8,5.95,PE,1713218128
389,dudinka,69.4058,86.1778,-27.44999999999999,100,94,1.8,RU,1713218232
390,port lincoln,-34.7333,135.8667,14.720000000000027,78,1,2.78,AU,1713218232
391,weno,7.4515,151.8468,27.970000000000027,83,100,2.06,FM,1713218232
392,dryden,49.7833,-92.7503,13.160000000000025,28,0,4.12,CA,1713218049
393,ballina,-28.8667,153.5667,21.55000000000001,76,80,2.81,AU,1713218233
394,palmer,42.1584,-72.3287,20.460000000000036,37,40,5.66,US,1713218168
395,punta arenas,-53.15,-70.9167,14.060000000000002,67,0,2.06,CL,1713217994
396,ust'-barguzin,53.45,108.9833,-0.9699999999999704,87,59,0.97,RU,1713218233
397,yandev,7.3667,9.05,31.0,55,87,5.43,NG,1713218233
398,toccoa,34.5773,-83.3324,29.660000000000025,41,0,6.69,US,1713217809
399,lagos,6.5833,3.75,30.180000000000007,90,77,0.95,NG,1713217822
400,benguela,-12.5763,13.4055,25.450000000000045,88,16,1.25,AO,1713218234
401,yulinshi,38.2906,109.7494,9.879999999999995,25,90,2.26,CN,1713218234
402,katsuren-haebaru,26.3369,127.8719,22.430000000000007,97,0,2.06,JP,1713218234
403,al hasakah,36.5024,40.7477,16.870000000000005,63,3,3.02,SY,1713218235
404,sile,41.1754,29.6133,19.370000000000005,52,29,0.45,TR,1713218235
405,hotan,37.0997,79.9269,16.090000000000032,13,94,3.33,CN,1713218235
406,amahai,-3.3333,128.9167,26.29000000000002,86,100,1.4,ID,1713218235
407,belmonte,-15.8631,-38.8828,25.370000000000005,89,98,5.31,BR,1713218235
408,cruzeiro do sul,-29.5128,-51.9853,23.680000000000007,90,100,1.81,BR,1713218235
409,barra de santo antonio,-9.4047,-35.5072,27.600000000000023,84,23,3.7,BR,1713218236
410,barcelona,41.3888,2.159,18.189999999999998,74,0,1.54,ES,1713218214
411,sao jose da coroa grande,-8.8978,-35.1478,26.600000000000023,87,50,3.78,BR,1713218236
412,fall river,41.7015,-71.1551,23.79000000000002,62,20,5.66,US,1713218236
413,hasaki,35.7333,140.8333,15.160000000000025,75,100,6.5,JP,1713218237
414,jianshui,23.6363,102.8264,18.230000000000018,52,2,2.4,CN,1713218237
415,island harbour,50.724,-1.2758,8.32000000000005,78,39,4.47,GB,1713218237
416,bodaybo,57.8506,114.1933,-0.4399999999999977,97,100,1.11,RU,1713218237
417,new norfolk,-42.7826,147.0587,11.510000000000048,76,82,0.86,AU,1713218237
418,san patricio,28.017,-97.5169,27.970000000000027,74,100,9.44,US,1713218238
419,rosetta,31.4044,30.4164,18.430000000000007,76,10,2.44,EG,1713218238
420,ola,59.5833,151.2833,-7.96999999999997,83,96,2.13,RU,1713218238
421,nykobing sjaelland,55.9249,11.6711,7.25,75,100,9.38,DK,1713218238
422,maintirano,-18.0667,44.0167,25.25,89,52,2.63,MG,1713218238
423,kill devil hills,36.0307,-75.676,27.0,61,0,7.2,US,1713218239
424,khemisset,33.6667,-6.25,17.210000000000036,54,2,0.72,MA,1713218239
425,medina,24.4686,39.6142,20.24000000000001,42,0,3.6,SA,1713218239
426,atafu village,-8.5421,-172.5159,28.430000000000007,78,100,3.91,TK,1713218240
427,andkhoy,36.9529,65.1238,13.79000000000002,67,63,0.99,AF,1713218240
428,namibe,-15.1961,12.1522,23.74000000000001,71,28,2.48,AO,1713218240
429,reggane,26.7158,0.1714,23.610000000000014,25,0,3.22,DZ,1713218240
430,beira,-19.8436,34.8389,25.05000000000001,83,20,5.36,MZ,1713218240
431,port douglas,-16.4833,145.4667,25.850000000000023,91,100,7.65,AU,1713218241
432,beau vallon,-20.4189,57.6953,25.129999999999995,94,75,5.14,MU,1713218241
433,phan thong,13.468,101.0953,30.010000000000048,80,2,2.1,TH,1713218241
434,bima,-8.4667,118.7167,24.960000000000036,94,96,1.74,ID,1713218241
435,praia da vitoria,38.7333,-27.0667,17.640000000000043,94,75,9.26,PT,1713218145
436,karachayevsk,43.774,41.9142,9.210000000000036,71,96,2.68,RU,1713218242
437,arteche,12.2645,125.4048,25.650000000000034,83,100,2.24,PH,1713218242
438,clorinda,-25.2848,-57.7185,21.090000000000032,98,100,1.42,AR,1713218242
439,paracuru,-3.41,-39.0306,29.5,86,40,3.21,BR,1713218242
440,bogale,16.2833,95.4,27.150000000000034,76,3,2.35,MM,1713218243
441,maragogi,-9.0122,-35.2225,26.060000000000002,89,52,3.26,BR,1713217982
442,fort st. john,56.2499,-120.8529,0.9399999999999977,86,100,8.75,CA,1713218049
443,manadhoo,5.7667,73.3833,29.590000000000032,72,100,4.55,MV,1713218243
444,mantua,45.1667,10.7833,16.58000000000004,77,4,3.61,IT,1713218243
445,talara,-4.5772,-81.2719,29.420000000000016,58,0,6.17,PE,1713218243
446,dobrotesti,44.2833,24.8833,19.28000000000003,42,100,3.83,RO,1713218244
447,san juan,-31.5375,-68.5364,17.52000000000004,49,79,2.38,AR,1713218189
448,pemangkat,1.1667,108.9667,25.78000000000003,89,84,3.42,ID,1713218244
449,kadom,54.5592,42.4675,10.110000000000014,75,97,6.7,RU,1713218244
450,fedorovka,53.6314,62.7078,4.830000000000041,67,24,6.57,KZ,1713218244
451,campbellton,48.0075,-66.6727,8.25,93,100,1.79,CA,1713218245
452,south hedland,-20.4089,118.5983,22.960000000000036,83,23,3.09,AU,1713218245
453,east london,-33.0153,27.9116,21.090000000000032,89,91,5.32,ZA,1713218245
454,palafrugell,41.9174,3.1631,16.920000000000016,49,4,1.52,ES,1713218245
455,kuhmo,64.1333,29.5167,0.9900000000000091,99,100,3.15,FI,1713218245
456,farafangana,-22.8167,47.8333,22.480000000000018,85,100,1.67,MG,1713218246
457,arkhangel'sk,64.5401,40.5433,3.0600000000000023,100,100,5.0,RU,1713218246
458,keflavik,64.0049,-22.5624,0.9500000000000455,59,20,7.2,IS,1713218246
459,faya-largeau,17.9257,19.1043,29.58000000000004,10,37,5.54,TD,1713218246
460,laguna de perlas,12.3429,-83.6712,31.05000000000001,71,68,5.53,NI,1713218247
461,xuchang,34.0167,113.8167,14.360000000000014,88,52,4.28,CN,1713218247
462,rio grande city,26.3798,-98.8203,31.04000000000002,40,100,10.89,US,1713218247
463,hamirpur,25.95,80.15,30.710000000000036,31,76,2.77,IN,1713218247
464,nantucket,41.2835,-70.0995,17.08000000000004,82,0,4.63,US,1713218077
465,kasane,-17.8167,25.15,18.680000000000007,77,10,2.05,BW,1713218247
466,sambava,-14.2667,50.1667,25.129999999999995,87,100,5.0,MG,1713218248
467,severnoye,56.3491,78.3619,-6.1200000000000045,90,11,1.34,RU,1713218248
468,usinsk,65.9939,57.5281,-1.0699999999999932,97,98,8.94,RU,1713218248
469,nuku'alofa,-21.1333,-175.2,28.189999999999998,74,20,4.12,TO,1713218089
470,grand-lahou,5.1367,-5.0242,27.79000000000002,86,48,2.93,CI,1713218248
471,axim,4.8699,-2.2405,28.07000000000005,85,69,3.04,GH,1713218249
472,zemio,5.0314,25.1361,23.170000000000016,80,100,1.77,CF,1713218249
473,chake chake,-5.2459,39.7666,24.930000000000007,86,100,7.22,TZ,1713218250
474,padang,-0.9492,100.3543,26.03000000000003,89,100,1.88,ID,1713218250
475,melilla,35.2937,-2.9383,19.210000000000036,68,0,0.51,ES,1713218134
476,morant bay,17.8815,-76.4093,28.79000000000002,81,70,4.93,JM,1713218250
477,jean-rabel,19.8533,-73.1917,26.860000000000014,76,45,8.78,HT,1713218251
478,naliya,23.2667,68.8333,25.650000000000034,75,68,2.99,IN,1713218251
479,alice springs,-23.7,133.8833,8.75,76,18,2.57,AU,1713218251
480,muscat,23.6139,58.5922,26.620000000000005,71,100,3.46,OM,1713218251
481,puerto asis,0.5133,-76.5007,32.05000000000001,60,91,0.98,CO,1713218251
482,codrington,-38.2667,141.9667,12.900000000000034,86,100,1.46,AU,1713218252
483,lockwood,45.8191,-108.4149,19.939999999999998,40,75,9.77,US,1713218252
484,la passe,45.5549,-0.8967,12.230000000000018,85,99,8.3,FR,1713218252
485,zahedan,29.4963,60.8629,15.950000000000045,36,0,3.09,IR,1713218186
486,polyarnyy,69.1989,33.4478,-3.069999999999993,82,99,9.17,RU,1713218253
487,chingirlau,51.095,54.0814,11.25,90,91,6.55,KZ,1713218253
488,odda,60.0691,6.5457,7.100000000000023,83,93,3.16,NO,1713218253
489,mo i rana,66.3128,14.1428,-0.7399999999999523,80,100,0.0,NO,1713218253
490,moussoro,13.6408,16.4901,31.25,8,12,4.85,TD,1713218253
491,monrovia,6.3005,-10.7969,28.090000000000032,85,13,3.26,LR,1713218254
492,khovd,48.0056,91.6419,7.490000000000009,48,8,3.29,MN,1713218254
493,corinto,37.9407,22.9573,20.680000000000007,49,94,1.57,GR,1713218254
494,belomorsk,64.5232,34.7668,1.5,97,100,4.48,RU,1713218254
495,palikir - national government center,6.9248,158.1611,26.410000000000025,89,100,0.0,FM,1713218254
496,mournies,35.4764,24.0092,18.79000000000002,68,0,0.0,GR,1713218255
497,palmas,-10.2128,-48.3603,30.930000000000007,70,20,1.03,BR,1713218224
498,peniche,39.3558,-9.3811,15.160000000000025,90,5,8.53,PT,1713218255
499,ocotal,13.6321,-86.4752,31.52000000000004,42,99,4.49,NI,1713218255
500,kembe,4.6228,21.8865,23.220000000000027,78,95,1.36,CF,1713218256
501,port augusta,-32.5,137.7667,16.08000000000004,67,0,4.05,AU,1713218111
502,gamboma,-1.8764,15.8644,25.129999999999995,81,100,0.92,CG,1713218256
503,lethem,3.3803,-59.7968,34.54000000000002,38,62,5.41,GY,1713218256
504,sohag,26.557,31.6948,25.160000000000025,31,61,2.68,EG,1713218257
505,lubao,14.9167,120.55,26.840000000000032,86,43,1.25,PH,1713218257
506,bubaque,11.2833,-15.8333,24.74000000000001,81,79,6.3,GW,1713218257
507,tocopilla,-22.092,-70.1979,20.430000000000007,68,1,4.41,CL,1713218257
508,funafuti,-8.5243,179.1942,27.0,94,100,1.54,TV,1713218258
509,hammerfest,70.6634,23.6821,0.25,93,75,4.12,NO,1713218258
510,broome,42.2506,-75.833,17.210000000000036,53,0,5.14,US,1713218258
511,salalah,17.0151,54.0924,27.32000000000005,77,85,7.16,OM,1713218258
512,smirnykh,49.75,142.8333,8.840000000000032,67,87,1.89,RU,1713218258
513,dolores,-36.3132,-57.6792,21.560000000000002,94,100,10.74,AR,1713217977
514,zeribet el oued,34.6828,6.5111,19.100000000000023,63,70,3.03,DZ,1713218259
515,malango,-2.9627,119.9001,20.04000000000002,98,100,0.59,ID,1713218259
516,bandar abbas,27.1865,56.2808,25.99000000000001,78,100,4.12,IR,1713218259
517,smithers,54.7804,-127.1743,7.180000000000007,45,75,5.14,CA,1713218260
518,gwio kura,12.6753,11.0682,31.379999999999995,9,65,3.65,NG,1713218260
519,bijawar,24.6333,79.5,29.890000000000043,39,71,1.82,IN,1713218260
520,douglas,41.3,-96.167,29.49000000000001,37,40,9.77,US,1713218260
521,buka,40.8108,69.1986,13.710000000000036,93,100,2.16,UZ,1713218260
522,san luis de la loma,17.2706,-100.8939,29.610000000000014,55,100,3.94,MX,1713218261
523,quartu sant'elena,39.2419,9.1839,22.160000000000025,55,0,2.06,IT,1713218178
524,klaksvik,62.2266,-6.589,3.5100000000000477,75,100,12.71,FO,1713218261
525,las heras,-46.5419,-68.9359,16.850000000000023,27,48,5.48,AR,1713218261
526,prado,-17.3411,-39.2208,25.600000000000023,83,70,5.6,BR,1713217994
527,barra,-11.0894,-43.1417,28.05000000000001,54,53,1.07,BR,1713218262
528,heiden,51.8333,6.9333,5.230000000000018,93,80,7.61,DE,1713218262
529,roma,43.2128,-75.4557,14.270000000000039,43,0,6.17,US,1713218262
530,alta,69.9689,23.2717,0.5900000000000318,93,75,1.54,NO,1713218262
531,galappo,-4.2667,35.85,16.970000000000027,98,100,0.97,TZ,1713218263
532,afif,23.9065,42.9172,16.720000000000027,56,40,7.14,SA,1713218263
533,ta`u,-14.2336,-169.5144,29.0,75,100,6.22,AS,1713218263
534,karratha,-20.7377,116.8463,25.870000000000005,71,1,3.67,AU,1713218264
535,mont-joli,48.5839,-68.1921,9.720000000000027,40,75,4.63,CA,1713218264
536,inda silase,14.1031,38.2829,21.410000000000025,19,77,0.85,ET,1713218264
537,caleta de carquin,-11.0925,-77.6267,22.220000000000027,82,25,5.95,PE,1713218265
538,acapulco de juarez,16.8634,-99.8901,27.640000000000043,60,72,5.61,MX,1713218265
539,newport,51.5877,-2.9984,9.340000000000032,71,20,10.99,GB,1713218038
540,ebon,4.582,168.6964,28.140000000000043,79,41,3.0,MH,1713218266
541,sergeyevka,53.88,67.4158,2.82000000000005,76,19,2.59,KZ,1713218266
542,villa ojo de agua,-29.5,-63.6938,15.520000000000039,71,100,6.5,AR,1713218266
543,penzance,50.1186,-5.5371,9.379999999999995,75,7,14.17,GB,1713218162
544,dawei,14.0833,98.2,26.08000000000004,82,2,1.42,MM,1713218266
545,senanga,-16.1167,23.2667,21.52000000000004,67,26,2.36,ZM,1713218267
546,oyem,1.5995,11.5793,21.689999999999998,96,82,1.22,GA,1713218267
547,shakawe,-18.3667,21.85,20.83000000000004,62,51,2.18,BW,1713218267
548,nova vicosa,-17.8919,-39.3719,26.180000000000007,76,76,5.81,BR,1713218267
549,nagqu,31.5,92.0,-0.9399999999999977,67,98,2.69,CN,1713218267
550,nema,57.5067,50.5011,5.360000000000014,90,100,4.8,RU,1713218268
551,rikaze,29.25,88.8833,5.7900000000000205,48,79,2.07,CN,1713218268
552,westport,41.1415,-73.3579,24.75,43,75,5.36,US,1713218070
553,shimoda,34.6667,138.95,15.060000000000002,76,100,2.57,JP,1713218268
554,posto fiscal rolim de moura,-13.0833,-62.2667,25.03000000000003,96,100,1.07,BR,1713218268
555,likiep,9.8251,169.3107,27.200000000000045,83,12,7.96,MH,1713218269
556,lautoka,-17.6167,177.4667,28.920000000000016,70,40,3.6,FJ,1713218269
557,pauini,-7.7136,-66.9764,23.720000000000027,98,100,0.94,BR,1713218269
558,melekeok village,7.4957,134.6367,27.150000000000034,85,92,7.23,PW,1713218269
559,champerico,14.3,-91.9167,37.30000000000001,65,65,5.65,GT,1713218269
560,deir ez-zor,35.3359,40.1408,20.0,59,4,3.24,SY,1713218269
561,severo-yeniseyskiy,60.3725,93.0408,-11.799999999999955,93,100,3.93,RU,1713218270
562,nanping,26.645,118.1736,22.0,98,47,1.68,CN,1713218270
563,lazaro cardenas,17.9583,-102.2,28.140000000000043,60,90,4.28,MX,1713218270
564,jaru,-10.4389,-62.4664,25.560000000000002,95,99,0.97,BR,1713218270
565,impfondo,1.6381,18.0667,24.32000000000005,83,94,1.24,CG,1713218270
566,chernyshevskiy,63.0128,112.4714,-0.42999999999995,98,100,2.45,RU,1713218271
567,saldanha,-33.0117,17.9442,13.03000000000003,84,0,1.84,ZA,1713218271
568,sabzevar,36.2126,57.6819,13.53000000000003,53,15,3.16,IR,1713218271
569,chengyang,27.0892,119.6453,22.470000000000027,96,98,0.15,CN,1713218271
570,kununurra,-15.7667,128.7333,20.99000000000001,78,12,1.03,AU,1713218272
571,tromso,69.6496,18.957,0.010000000000047748,93,0,1.54,NO,1713218062
572,las terrenas,19.311,-69.5428,26.930000000000007,89,75,4.12,DO,1713218029
